title,content,created_utc,clean_text,sentiment,sentiment_class,timestamp
"XRP Price Hits 7-Year High, Now Up 274% This Month",,1733012055.0,xrp price hits year high month,0.0,neutral,2024-12-01 00:14:15
"XRP becomes world's third-largest crypto, overtakes Tether‚Äôs USDT in market cap",,1733133624.0,xrp becomes worlds thirdlargest crypto overtakes tethers usdt market cap,0.0,neutral,2024-12-02 10:00:24
XRP Surpasses $1 Mark After Over 1000 Days,,1731753196.0,xrp surpasses mark days,0.0,neutral,2024-11-16 10:33:16
Ripple co-founder Chris Larsen says he is donating $10 million in XRP to Kamala Harris. ,Chris Larsen announced on the social media platform X.,1729532507.0,ripple cofounder chris larsen says donating million xrp kamala harris chris larsen announced social media platform x,0.0,neutral,2024-10-21 17:41:47
XRP Price On The Brink Of Another Breakout: The 'Game-Changing Implications' Of Ripple's RLUSD Mints,,1733260418.0,xrp price brink another breakout gamechanging implications ripples rlusd mints,0.0,neutral,2024-12-03 21:13:38
Why are XRP users the best at blowing smoke?,"XRP is 100% riding a giant wave of red on only fact alone: the chairman of the SEC stepped down.  Beyond that, you have the inkling that trump ""might"" pick him as an advisor.  Everything else is smoke and influencers.  This is very dangerous thinking.   Why? If trump doesn't even use the CEO of ripple, it's going to drop, and drop fast.  XRP is not the only currency thar is fast with low fees, it's just one that gets the most attention along with stellar.  I won't mention the others since this post isn't about that.

Alternatively, f' it.  We're all gamblers till of these one of these cryptos is used as a real currency.  Gamble on, just realize what you are doing.  I really just want this rally to simmer down to earth a bit so it doesn't crash the entire crypto market.",1733182645.0,xrp users best blowing smoke xrp riding giant wave red fact alone chairman sec stepped beyond inkling trump might pick advisor everything else smoke influencers dangerous thinking trump doesnt even use ceo ripple going drop drop fast xrp currency thar fast low fees one gets attention along stellar wont mention others since post isnt alternatively f gamblers till one cryptos used real currency gamble realize really want rally simmer earth bit doesnt crash entire crypto market,-0.3289,negative,2024-12-02 23:37:25
Ripple co-founder donates $1 million XRP to Kamala Harris campaign PAC,,1728678092.0,ripple cofounder donates million xrp kamala harris campaign pac,0.0,neutral,2024-10-11 20:21:32
XRP price chases $2 after bull flag breakout leads to new 2024 highs,,1732924865.0,xrp price chases bull flag breakout leads new highs,0.0,neutral,2024-11-30 00:01:05
"Tax-Free Crypto in U.S : Donald Trump‚Äôs Plan to Eliminate Tax for XRP, ADA, and More",Bullish ,1731635456.0,taxfree crypto us donald trumps plan eliminate tax xrp ada bullish,0.0,neutral,2024-11-15 01:50:56
Ripple's Price Explodes Above $0.7 as XRP Bull Run Takes Off,,1731447690.0,ripples price explodes xrp bull run takes,0.0,neutral,2024-11-12 21:41:30
"Cardano's Hoskinson Apologizes to XRP Community, Calls for Industry Unity",,1731793618.0,cardanos hoskinson apologizes xrp community calls industry unity,0.3612,positive,2024-11-16 21:46:58
XRP Overtakes BNB To Become Fifth-Largest Crypto by Market Cap Following 298% Rally in November,,1733059358.0,xrp overtakes bnb become fifthlargest crypto market cap following rally november,0.0,neutral,2024-12-01 13:22:38
XRP price nears $3 after soaring 425% in a month,,1733306933.0,xrp price nears soaring month,0.0,neutral,2024-12-04 10:08:53
"Jim Cramer says: ‚ÄúAll I can tell you is own Bitcoin, that‚Äôs a winner‚Äù",,1732289077.0,jim cramer says tell bitcoin thats winner,0.5859,positive,2024-11-22 15:24:37
21Shares Files for XRP ETF,,1730482421.0,shares files xrp etf,0.296,positive,2024-11-01 17:33:41
Ripple CEO Unveils Key Date: What XRP Holders Need to Know - Wall Street Pit,,1733531527.0,ripple ceo unveils key date xrp holders need know wall street pit,0.0,neutral,2024-12-07 00:32:07
Bitcoin is just 2% away from breaking its all-time high,,1730227781.0,bitcoin away breaking alltime high,0.0,neutral,2024-10-29 18:49:41
XRP jumps 25% as SEC may not pursue appeal after Gensler's departure,,1732269634.0,xrp jumps sec may pursue appeal genslers departure,0.0,neutral,2024-11-22 10:00:34
Ripple cryptocurrency (XRP) jumps after company to win against SEC for its security status,,1729497463.0,ripple cryptocurrency xrp jumps company win sec security status,0.7351,positive,2024-10-21 07:57:43
Will XRP Pull a 2017-Like Rally and Hit $5 Amid Open Interest Hitting All-Time High?,,1732400596.0,xrp pull like rally hit amid open interest hitting alltime high,0.6705,positive,2024-11-23 22:23:16
"XRP Price Sails Over 119% In A Week, Is The Next Target At $2?",,1731926658.0,xrp price sails week next target,0.0,neutral,2024-11-18 10:44:18
We need to have a serious talk about Marketcaps. ,"On the XRP sub and other places filled with XRP Maxis, people are saying XRP is going to hit $100 as if it's a very real and very feasible target for the community. Let's talk about what exactly that would look like. XRP has a circulating supply of 57B. At a price of $100 each that would put the marketcap of XRP at $5.7T. OVER 3X the current marketcap of BTC, and this doesn't even consider the inevitable increase in circulating supply as time passes.

Look I get it, it's fun to dream about 25x (or 250x gains for people talking about XRP to $1,000 - I'm dead serious people are talking about this) but don't let those dreams cause you to make bad investment decisions.

\---------

**You want to know what other community was talking about having a $5.9T marketcap in 2021?** In 2021 Shiba Inu to $.01 was all the rage as people swore that it was a realistic and feasible target for the meme token and many made terrible investment decisions as a result swearing that Shiba Inu was going to hit $.01. Looking at Shiba Inu now it's.... not even close to it's 2021 ATH, and lets be clear will never hit $.01.

You're welcome to dream about crazy crypto profits but don't make bad investment decisions because of those crazy dreams.",1733183629.0,need serious talk marketcaps xrp sub places filled xrp maxis people saying xrp going hit real feasible target community lets talk exactly would look like xrp circulating supply b price would put marketcap xrp x current marketcap btc doesnt even consider inevitable increase circulating supply time passes look get fun dream x x gains people talking xrp im dead serious people talking dont let dreams cause make bad investment decisions want know community talking marketcap shiba inu rage people swore realistic feasible target meme token many made terrible investment decisions result swearing shiba inu going hit looking shiba inu even close ath lets clear never hit youre welcome dream crazy crypto profits dont make bad investment decisions crazy dreams,-0.9201,negative,2024-12-02 23:53:49
‚ÄòImmense Potential‚Äô‚ÄîRipple Braced For XRP Spot ETF To Rival Bitcoin And Ethereum,,1733340620.0,immense potentialripple braced xrp spot etf rival bitcoin ethereum,0.0,neutral,2024-12-04 19:30:20
tried to give yall a little inside info but‚Ä¶ ü§∑‚Äç‚ôÇÔ∏è,,1732747404.0,tried give yall little inside info,0.0,neutral,2024-11-27 22:43:24
I hope people can see whats happening with US based cryptos and Bitcoin,"Crypto investor since 2017, made good money, enough to quit my job in my mid 30s and travel and start a business and do other things I want with my life. Doesnt mean I know anything.

It is my belief that at some point, just like every other market, there will be a bust/selection period where 99% of projects become worthless. Of the remaining survivors, maybe 5-6 take up 80-85% of the market share, 5-6 take up 5-10% and the remaining hundreds or thousands of coins make up the last 5-10%

Example: Theres Verizon, Att, T mobile at the top, then theres tracfone and boost and mint mobile, then theres 100 that nobody knows anything about. There are 100s of brands of batteries but very few companies who actually make the batteries. Tons of tv companies, 5-6 that people know, dozens that we dont, 100s of other ones, and only a handful of huge manufacturers that make everyones tvs at the same place.

This is what will happen IMO because it always does, since forever.

And while I dont really care if youre a fan of the US or not, the US is the strongest economy in the world, and it is in the best position to harness this and benefit from it and control the direction of the space in the US and global narrative. Im not saying this is the best for crypto or the world, but I think it's ignorant to outright say it wont matter.

With the US and other countries getting on board with a strategic reserve, its clear bitcoin is and will continue to be a winner for the foreseeable future.

I believe this is also why we have the Dino/US coins pumping as their leaders have recently all been meeting together with some of them like Hoskinson even getting involved directly with legislators, meeting with senators, getting in front of congress and talking about what is best for us. Founders have all recently met, are all ISO 20022 compliant, and are all going nuts. I think this is a winning recipe for this cycle and for the future and I just want people to be aware of it. These projects **XLM XRP ADA HBAR ALGO** are outperforming a lot of other coins and I believe this is why, despite people starting to call them all irrelevant before this happened.

I am saying this because this is my third cycle in the space and have wasted time and money looking for pumpy coins when if I had just kept my money where I had it 7 years ago in these Dino coins (in XRP and ADA anyways), id have been proven right in my early conviction of these projects. Look at the narrative, research it, and make an educated guess. Do not ignore these trends and its ok to take risks on meme coins with a little bit of your portfolio but make sure you are on the right side of history when it all shakes out, because it will at some point in the not so distant future.",1732914715.0,hope people see whats happening us based cryptos bitcoin crypto investor since made good money enough quit job mid travel start business things want life doesnt mean know anything belief point like every market bustselection period projects become worthless remaining survivors maybe take market share take remaining hundreds thousands coins make last example theres verizon att mobile top theres tracfone boost mint mobile theres nobody knows anything brands batteries companies actually make batteries tons tv companies people know dozens dont ones handful huge manufacturers make everyones tvs place happen imo always since forever dont really care youre fan us us strongest economy world best position harness benefit control direction space us global narrative im saying best crypto world think ignorant outright say wont matter us countries getting board strategic reserve clear bitcoin continue winner foreseeable future believe also dinous coins pumping leaders recently meeting together like hoskinson even getting involved directly legislators meeting senators getting front congress talking best us founders recently met iso compliant going nuts think winning recipe cycle future want people aware projects xlm xrp ada hbar algo outperforming lot coins believe despite people starting call irrelevant happened saying third cycle space wasted time money looking pumpy coins kept money years ago dino coins xrp ada anyways id proven right early conviction projects look narrative research make educated guess ignore trends ok take risks meme coins little bit portfolio make sure right side history shakes point distant future,0.9867,positive,2024-11-29 21:11:55
"Tron Breezes Past All-Time High After 30% Jump, Justin Sun Says TRX Equals XRP",,1733266293.0,tron breezes past alltime high jump justin sun says trx equals xrp,0.0,neutral,2024-12-03 22:51:33
"Altcoins Shine as Crypto Economy Hits $3.29T: OM, XLM, ADA and XRP Drive the Frenzy",,1732304723.0,altcoins shine crypto economy hits om xlm ada xrp drive frenzy,-0.3182,negative,2024-11-22 19:45:23
"Robinhood Crypto Expands Offering with Solana (SOL), Pepe (PEPE), Cardano (ADA) & XRP (XRP) for U.S. Customers",,1731507946.0,robinhood crypto expands offering solana sol pepe pepe cardano ada xrp xrp us customers,0.1027,positive,2024-11-13 14:25:46
Possible Collaboration of XRP & ADA?,"This is all just my speculation, here are some events which happened recently for ADA and XRP:

\-Cardano founder Charles Hoskinson announced plans to work with the incoming Trump administration to develop clear crypto regulations.¬†

\-Charles Hoskinson talked to the CEO of Ripple (Brad Garlinghouse), and it seems like they buried their beef. Also Charles was saying the CEO was ""extremly collaborative""¬†

\-Now he had a talk with the Chief of Technology (CTO) of Ripple. Maybe they plan to collaborate and that's why he talked with the CTO of Ripple afterwards? 

\-Trump plans to remove capital gains tax from US cryptocurrencies (this would include XRP and ADA)

\- There is a rumor Brad Garlinghouse met with Trump¬†

There are many common grounds and goals and a very promising environment. The market is reacting and the price of those coins are moving despite there is not an official partnership announcement.

  
(Sources in comment, can't post links in my post without getting auto deleted)",1732016082.0,possible collaboration xrp ada speculation events happened recently ada xrp cardano founder charles hoskinson announced plans work incoming trump administration develop clear crypto regulations charles hoskinson talked ceo ripple brad garlinghouse seems like buried beef also charles saying ceo extremly collaborative talk chief technology cto ripple maybe plan collaborate thats talked cto ripple afterwards trump plans remove capital gains tax us cryptocurrencies would include xrp ada rumor brad garlinghouse met trump many common grounds goals promising environment market reacting price coins moving despite official partnership announcement sources comment cant post links post without getting auto deleted,0.8481,positive,2024-11-19 11:34:42
Ripple's XRP sees over $4 billion in profit-taking following surge in whale activity,,1733287093.0,ripples xrp sees billion profittaking following surge whale activity,0.0,neutral,2024-12-04 04:38:13
Brad Garlinghouse Slams ‚Äô60 Minutes‚Äô Edit For Omitting XRP Legal Victory,,1733818891.0,brad garlinghouse slams minutes edit omitting xrp legal victory,0.128,positive,2024-12-10 08:21:31
"Why Bitcoin's Rally Is Stalling Below $100,000 ",,1732545117.0,bitcoins rally stalling,-0.2023,negative,2024-11-25 14:31:57
"Beware of these Youtubers, their top comments are all bots. ",,1733143992.0,beware youtubers top comments bots,0.2023,positive,2024-12-02 12:53:12
XRP Price Hits 3-Year High At $1.6 - 2 Ways It Can Go From Here,,1732522581.0,xrp price hits year high ways go,0.0,neutral,2024-11-25 08:16:21
Ripple CEO Brad Garlinghouse questions '60 Minutes' omission of key XRP legal victory,,1733752930.0,ripple ceo brad garlinghouse questions minutes omission key xrp legal victory,0.128,positive,2024-12-09 14:02:10
"Ripple CEO Brad Garlinghouse Says XRP ETF Is Inevitable
",,1729709205.0,ripple ceo brad garlinghouse says xrp etf inevitable,0.0,neutral,2024-10-23 18:46:45
"The worst part about being into crypto in 2014 wasn‚Äôt that people didn‚Äôt believe you, it was how they talked down to you and tried to ‚Äòeducate you‚Äô.","It was infuriating.  I remember discovering Dogecoin back in early 2014 when $500 would buy you a million, and my friend tried to explain to me (patiently) how that was just a fad and if i really wanted to be a millionaire one day I needed to read some 'Boglehead books' and learn about ETFs and mutual funds.  

When i tried to tell my coworkers about bitcoin they all patiently explained to me (how an adult might explain to a child) that Bitcoin wasn't actually worth anything and it wasn't ""backed by anything"".  

I was excited to meet my girlfriend's friend's boyfriend once because i heard he was into finance.  He basically spent the entire dinner cracking jokes at my expense and explaining how little i understood money.  

When i tried to tell my investment buddy about Monero, and begged him to get into it at 30 cents, he thought it was stupid and said he thought Visa was a better investment for money.  Then when Monero went to $2 each and i continued to rant to him his reaction was ""nice, you sold it all right?"".  Then when it went to $12 each he legit got mad at me that I wouldn't sell it.  By the time it was $50 each he stopped talking to me.  

If you've been in crypto for more than 10 years, it's been an exhausting and frustrating experience.  

And no, I'm not even close to rich.  I've lost all my money since then thanks to bad investments, taxes, and overspending.  Making money isn't the same as managing wealth, which is a lesson i pray you are one day rich enough to suffer.",1733328932.0,worst part crypto wasnt people didnt believe talked tried educate infuriating remember discovering dogecoin back early would buy million friend tried explain patiently fad really wanted millionaire one day needed read boglehead books learn etfs mutual funds tried tell coworkers bitcoin patiently explained adult might explain child bitcoin wasnt actually worth anything wasnt backed anything excited meet girlfriends friends boyfriend heard finance basically spent entire dinner cracking jokes expense explaining little understood money tried tell investment buddy monero begged get cents thought stupid said thought visa better investment money monero went continued rant reaction nice sold right went legit got mad wouldnt sell time stopped talking youve crypto years exhausting frustrating experience im even close rich ive lost money since thanks bad investments taxes overspending making money isnt managing wealth lesson pray one day rich enough suffer,-0.8243,negative,2024-12-04 16:15:32
Bitwise has filed an XRP ETF,,1727815110.0,bitwise filed xrp etf,0.0,neutral,2024-10-01 20:38:30
RLUSD / XRP - Explained,,1733872836.0,rlusd xrp explained,0.0,neutral,2024-12-10 23:20:36
XRP Price Spikes to 3-Year High as Optimism Surges Over SEC Shakeup,,1732392137.0,xrp price spikes year high optimism surges sec shakeup,0.4404,positive,2024-11-23 20:02:17
Is there a Double Your XRP Scam on Ripple‚Äôs YouTube Channel,Is this real or scam? Please let me know ,1733793006.0,double xrp scam ripples youtube channel real scam please let know,-0.7269,negative,2024-12-10 01:10:06
XRP -self custody wallets released 9xrp ,"Ripple wallets have always taken a 10xrp reserved amount that becomes locked up and won't show in balance.


Very recently with the dramatic rise in xrp value, ripple reduced the reserved component from 10xrp to 1xrp.

meaning anyone with a xrp wallet can now withdraw 9 xrp (~$22).

most wallet software (trust for example) still won't show it available.

however if you load up the official ripple supported wallet - xaman - you'll see the 9xrp and can withdraw it right away.

i managed to collect $44 from my 2 wallets.

obviously you must have the PK for the wallet, not relevant to exchange wallets.

sorry if this has already been posted i don't browse this sub much.

but it might be a nice little surprise for anyone unaware :)",1733780990.0,xrp self custody wallets released xrp ripple wallets always taken xrp reserved amount becomes locked wont show balance recently dramatic rise xrp value ripple reduced reserved component xrp xrp meaning anyone xrp wallet withdraw xrp wallet software trust example still wont show available however load official ripple supported wallet xaman youll see xrp withdraw right away managed collect wallets obviously must pk wallet relevant exchange wallets sorry already posted dont browse sub much might nice little surprise anyone unaware,0.868,positive,2024-12-09 21:49:50
The scariest thing about all of this...,"If 2021 ptsd has thought me anything, it's that any day could be your last day. I remember 2021 where right after the summer all cryptos were exploding like crazy. Felt like a fucking mastermind and kept making screenshots of my gains. All in on Cardano and XRP. There had been huge dips before, and every time it happened, people kept saying ""It's just a healthy correction after all the growth we've had"". And every time they were right; it DID go back up, and not just to the old price before the dip but even higher.

But then around 15 november (literally still know the date from memory) it dipped again, HARD. I kept buying dip after dip thinking I am a genius, and once this mf goes back up to the price of 1-2 weeks ago I will make thousands of profit. But it kept dipping again and again. Damnit I must've had bought my 16th dip by the time I realised that it's too late. We've entered the bear market again and my position for the next 3 years will be to hold these bags in one hand, and this L in my other hand. At one point my bag was from 30k initial investment to 12k (swear to God). Then at the start of this year finally after 2,5 years of stress and praying to see at least my initial investment back, I finally was in the green again. And once again I got greedy and thought, nahh this time I'm gonna make at least 2 x my initial investment, and then I'm out. But again... it dipped like a mf. Then last week I was finally in the green again... and again it dipped like a mf. I'm just here to let people know that any day could be your last and don't get greedy for more. Take profits, or at least take your initial investment out. Don't be a bag holder and carry stress for the coming 3 years like I did MULTIPLE times. I'll be damned if I don't take profits next time I get a chance. NFA.",1733741346.0,scariest thing ptsd thought anything day could last day remember right summer cryptos exploding like crazy felt like fucking mastermind kept making screenshots gains cardano xrp huge dips every time happened people kept saying healthy correction growth weve every time right go back old price dip even higher around november literally still know date memory dipped hard kept buying dip dip thinking genius mf goes back price weeks ago make thousands profit kept dipping damnit mustve bought th dip time realised late weve entered bear market position next years hold bags one hand l hand one point bag k initial investment k swear god start year finally years stress praying see least initial investment back finally green got greedy thought nahh time im gonna make least x initial investment im dipped like mf last week finally green dipped like mf im let people know day could last dont get greedy take profits least take initial investment dont bag holder carry stress coming years like multiple times ill damned dont take profits next time get chance nfa,0.9595,positive,2024-12-09 10:49:06
"XRP - Ripple, the future of Global Finance?",,1733797464.0,xrp ripple future global finance,0.0,neutral,2024-12-10 02:24:24
Ripple launches first tokenized money market fund on XRP ledger through UK partnership,,1732625520.0,ripple launches first tokenized money market fund xrp ledger uk partnership,0.0,neutral,2024-11-26 12:52:00
Gary Gensler Releases Statement Suggesting He is Leaving The SEC,,1731655041.0,gary gensler releases statement suggesting leaving sec,0.0,neutral,2024-11-15 07:17:21
WisdomTree files with SEC for spot XRP ETF,,1733167635.0,wisdomtree files sec spot xrp etf,0.0,neutral,2024-12-02 19:27:15
XRP On Fire: 90% Weekly Growth Lifts Coin To Fresh 2-Year High,,1732020695.0,xrp fire weekly growth lifts coin fresh year high,0.3612,positive,2024-11-19 12:51:35
XRP News Today: XRP Eyes $3.55 High Amid SEC Shake-Up and Spot ETF Hopes,,1733647485.0,xrp news today xrp eyes high amid sec shakeup spot etf hopes,0.296,positive,2024-12-08 08:44:45
